id,last_name,first_name,program,gender,email,watIam,position,returnBig,returnHuge,anti1,anti2,group
24940061,Alica,Putnam,AE/ARCH,F,palica@edu.uwaterloo.ca,palica,big,0,0,,,1
64511731,Henka,Brikner,AE/ARCH,F,bhenka@edu.uwaterloo.ca,bhenka,huge,1,1,,,2
33275698,Cyndi,Crosbie,AE/ARCH,F,ccyndi@edu.uwaterloo.ca,ccyndi,huge,0,1,jamii,spaddy,3
86032541,Bill,Fenkel,AE/ARCH,F,fbill@edu.uwaterloo.ca,fbill,huge,0,0,,,4
49465485,Miranda,Bootherstone,AE/ARCH,F,bmirand@edu.uwaterloo.ca,bmirand,big,0,1,,,5
18214811,Darcey,Batchellor,AE/ARCH,F,bdarcey@edu.uwaterloo.ca,bdarcey,big,0,0,,,6
77660348,Pansie,Hanway,AE/ARCH,F,hpansie@edu.uwaterloo.ca,hpansie,big,0,0,,,7
47624495,Britney,McKeighan,AE/ARCH,M,mbritne@edu.uwaterloo.ca,mbritne,huge,1,0,,,8
55040971,Maitilde,Wolfers,AE/ARCH,M,wmaitil@edu.uwaterloo.ca,wmaitil,big,1,1,,,9
12397202,Dela,Matley,AE/ARCH,M,mdela@edu.uwaterloo.ca,mdela,huge,1,0,,,10
35495973,Ennis,Rickardsson,AE/ARCH,M,rennis@edu.uwaterloo.ca,rennis,big,0,0,,,11
24946638,Cullan,Comford,AE/ARCH,M,ccullan@edu.uwaterloo.ca,ccullan,huge,0,1,,,12
91184250,Tildie,Crosham,AE/ARCH,M,ctildie@edu.uwaterloo.ca,ctildie,big,1,0,,,13
72762336,Randa,Duce,AE/ARCH,M,dranda@edu.uwaterloo.ca,dranda,big,1,0,,,14
56878682,Ronica,Vannet,AE/ARCH,M,vronica@edu.uwaterloo.ca,vronica,huge,1,0,,,15
91485382,Reynard,Giacobilio,AE/ARCH,M,greynar@edu.uwaterloo.ca,greynar,huge,1,0,,,16
47890117,Genny,Waymont,AE/ARCH,M,wgenny@edu.uwaterloo.ca,wgenny,big,0,0,,,17
82974494,Dorothy,Bails,AE/ARCH,M,bdoroth@edu.uwaterloo.ca,bdoroth,big,0,1,mgeorge,,18
26627723,Gabbey,Cellier,BME,F,cgabbey@edu.uwaterloo.ca,cgabbey,big,0,0,,,1
64220760,Stacee,Oxenden,BME,F,ostacee@edu.uwaterloo.ca,ostacee,huge,0,0,,,2
22512588,Sunny,Belly,BME,F,bsunny@edu.uwaterloo.ca,bsunny,big,0,0,,,3
16949525,Brigit,Faich,BME,M,fbrigit@edu.uwaterloo.ca,fbrigit,huge,0,1,,,4
18789560,Ode,Flobert,BME,M,fode@edu.uwaterloo.ca,fode,big,1,1,,,5
20448663,Emmeline,Micheau,BME,M,memmeli@edu.uwaterloo.ca,memmeli,big,1,1,,,6
78220423,Matti,Girling,BME,M,gmatti@edu.uwaterloo.ca,gmatti,big,0,1,,,7
93929294,Marylee,Lorman,BME,M,lmaryle@edu.uwaterloo.ca,lmaryle,big,0,0,,,8
47290848,Darsie,Verlinde,BME,M,vdarsie@edu.uwaterloo.ca,vdarsie,huge,0,0,,,9
94191581,Tansy,Ginley,CHE,F,gtansy@edu.uwaterloo.ca,gtansy,big,0,1,,,10
19236106,Rafe,Easom,CHE,F,erafe@edu.uwaterloo.ca,erafe,big,0,0,,,11
54311137,Kevan,Hellikes,CHE,F,hkevan@edu.uwaterloo.ca,hkevan,big,0,0,,,12
52902535,Sutton,Grogor,CHE,F,gsutton@edu.uwaterloo.ca,gsutton,big,1,1,,,13
62860528,Courtnay,Hyslop,CHE,F,hcourtn@edu.uwaterloo.ca,hcourtn,huge,1,0,,,14
98558145,Ingemar,Ashley,CHE,F,aingema@edu.uwaterloo.ca,aingema,huge,1,0,,,15
27991325,Flemming,Masterson,CHE,F,mflemmi@edu.uwaterloo.ca,mflemmi,huge,0,0,,,16
91097153,Baron,Dosedale,CHE,M,dbaron@edu.uwaterloo.ca,dbaron,big,0,0,,,17
20539853,Lavena,Diggles,CHE,M,dlavena@edu.uwaterloo.ca,dlavena,huge,0,1,,,18
10963951,Alphonso,Elmes,CHE,M,ealphon@edu.uwaterloo.ca,ealphon,huge,0,0,,,1
29146218,Leah,Challender,CHE,M,cleah@edu.uwaterloo.ca,cleah,big,0,0,,,2
38393613,Bevvy,Okell,CHE,M,obevvy@edu.uwaterloo.ca,obevvy,big,1,1,,,3
81026712,Kylen,Bletso,CHE,M,bkylen@edu.uwaterloo.ca,bkylen,huge,1,1,,,4
72557985,Yetta,Iacovaccio,CHE,M,iyetta@edu.uwaterloo.ca,iyetta,big,1,1,cab,,5
70585887,Billye,Lapley,CHE,M,lbillye@edu.uwaterloo.ca,lbillye,big,0,0,,,6
43524375,Jeannie,Saunt,CHE,M,sjeanni@edu.uwaterloo.ca,sjeanni,big,1,0,,,7
25787814,Laverne,Scneider,CHE,M,slavern@edu.uwaterloo.ca,slavern,big,0,0,,,8
53071188,Branden,D'Ambrogi,CHE,M,dbrande@edu.uwaterloo.ca,dbrande,huge,1,0,,,9
47584915,Jesus,Kyndred,CHE,M,kjesus@edu.uwaterloo.ca,kjesus,big,1,0,,,10
60115921,Livvie,Housley,CHE,M,hlivvie@edu.uwaterloo.ca,hlivvie,huge,1,0,,,11
71466003,Dedie,Trawin,CHE,M,tdedie@edu.uwaterloo.ca,tdedie,big,0,0,,,12
91499855,Cart,Atcherley,CHE,M,acart@edu.uwaterloo.ca,acart,big,0,1,,,13
92519134,Georges,Myers,CHE,M,mgeorge@edu.uwaterloo.ca,mgeorge,big,1,1,,,14
64839770,Chad,Gowanlock,CHE,M,gchad@edu.uwaterloo.ca,gchad,big,0,0,,,15
92410161,Ramonda,Buret,CIVE/GEO/ENV,F,bramond@edu.uwaterloo.ca,bramond,huge,0,1,,,16
98908926,Erhart,Ziems,CIVE/GEO/ENV,F,zerhart@edu.uwaterloo.ca,zerhart,big,1,0,,,17
22043298,Agneta,Beniesh,CIVE/GEO/ENV,F,bagneta@edu.uwaterloo.ca,bagneta,huge,1,1,,,18
97931109,Shani,Leeb,CIVE/GEO/ENV,F,lshani@edu.uwaterloo.ca,lshani,big,1,0,,,1
60906161,Kizzie,Keasey,CIVE/GEO/ENV,F,kkizzie@edu.uwaterloo.ca,kkizzie,big,0,0,,,2
75420279,Waylen,Esome,CIVE/GEO/ENV,F,ewaylen@edu.uwaterloo.ca,ewaylen,big,0,0,,,3
73737786,Johnette,Buxey,CIVE/GEO/ENV,F,bjohnet@edu.uwaterloo.ca,bjohnet,huge,0,0,,,4
21365350,Rosy,Bradfield,CIVE/GEO/ENV,F,brosy@edu.uwaterloo.ca,brosy,big,1,1,,,5
40152753,Montgomery,Hillan,CIVE/GEO/ENV,F,hmontgo@edu.uwaterloo.ca,hmontgo,big,1,0,,,6
79339923,Sheila-kathryn,Portch,CIVE/GEO/ENV,F,psheila@edu.uwaterloo.ca,psheila,big,0,0,,,7
85273654,Nickie,Staten,CIVE/GEO/ENV,F,snickie@edu.uwaterloo.ca,snickie,big,1,1,,,8
56416064,Bobinette,Mc Corley,CIVE/GEO/ENV,F,mbobine@edu.uwaterloo.ca,mbobine,big,0,0,,,9
46597508,Bab,Cicchetto,CIVE/GEO/ENV,M,cbab@edu.uwaterloo.ca,cbab,big,1,0,rjacque,,10
54399778,Blair,Trippick,CIVE/GEO/ENV,M,tblair@edu.uwaterloo.ca,tblair,big,0,0,,,11
53807006,Vera,Blundan,CIVE/GEO/ENV,M,bvera@edu.uwaterloo.ca,bvera,big,1,1,,,12
35468708,Willey,Cockshot,CIVE/GEO/ENV,M,cwilley@edu.uwaterloo.ca,cwilley,huge,1,0,,,13
15573991,Lonna,Bielby,CIVE/GEO/ENV,M,blonna@edu.uwaterloo.ca,blonna,huge,1,0,,,14
25552959,Hugh,Grouer,CIVE/GEO/ENV,M,ghugh@edu.uwaterloo.ca,ghugh,big,0,1,,,15
23432090,Baron,Mariault,CIVE/GEO/ENV,M,mbaron@edu.uwaterloo.ca,mbaron,huge,0,0,,,16
24329846,Jessa,Woolveridge,CIVE/GEO/ENV,M,wjessa@edu.uwaterloo.ca,wjessa,big,0,0,,,17
38024904,Alyss,Ruslinge,CIVE/GEO/ENV,M,ralyss@edu.uwaterloo.ca,ralyss,huge,0,0,,,18
92027740,Tatum,Epps,CIVE/GEO/ENV,M,etatum@edu.uwaterloo.ca,etatum,huge,0,0,,,1
81814141,Hulda,Antonietti,CIVE/GEO/ENV,M,ahulda@edu.uwaterloo.ca,ahulda,big,0,0,,,2
83872227,Lynsey,Melbert,CIVE/GEO/ENV,M,mlynsey@edu.uwaterloo.ca,mlynsey,huge,1,0,,,3
83317826,Floris,Drabble,CIVE/GEO/ENV,M,dfloris@edu.uwaterloo.ca,dfloris,huge,1,0,,,4
33144848,Krystalle,Gasnell,CIVE/GEO/ENV,M,gkrysta@edu.uwaterloo.ca,gkrysta,huge,1,0,,,5
86492836,Marion,Cranson,CIVE/GEO/ENV,M,cmarion@edu.uwaterloo.ca,cmarion,huge,1,0,,,6
26053595,Fara,Bockett,CIVE/GEO/ENV,M,bfara@edu.uwaterloo.ca,bfara,big,1,1,,,7
98395957,Rosie,Circuitt,CIVE/GEO/ENV,M,crosie@edu.uwaterloo.ca,crosie,big,1,0,,,8
77648078,Zebedee,Godrich,CIVE/GEO/ENV,M,gzebede@edu.uwaterloo.ca,gzebede,huge,0,0,,,9
10126921,Pepito,Guilfoyle,CIVE/GEO/ENV,M,gpepito@edu.uwaterloo.ca,gpepito,big,1,0,,,10
80678056,Evelyn,O'Haire,CIVE/GEO/ENV,M,oevelyn@edu.uwaterloo.ca,oevelyn,huge,1,0,,,11
23242730,Skye,Kittman,CIVE/GEO/ENV,M,kskye@edu.uwaterloo.ca,kskye,huge,0,0,cfaydra,psheila,12
85329552,Kingston,O'Hanley,CIVE/GEO/ENV,M,okingst@edu.uwaterloo.ca,okingst,huge,1,0,,,13
79008361,Bess,Pountain,COMP/ECE,F,pbess@edu.uwaterloo.ca,pbess,big,0,1,,,14
95386152,Janeczka,Ebbrell,COMP/ECE,F,ejanecz@edu.uwaterloo.ca,ejanecz,big,0,0,,,15
87799884,Josi,Prevost,COMP/ECE,F,pjosi@edu.uwaterloo.ca,pjosi,big,1,1,,,16
45705144,Mile,Pentycross,COMP/ECE,F,pmile@edu.uwaterloo.ca,pmile,big,0,0,,,17
25477103,Toddy,Azema,COMP/ECE,F,atoddy@edu.uwaterloo.ca,atoddy,huge,1,1,,,18
55970775,Kingsley,Schout,COMP/ECE,F,skingsl@edu.uwaterloo.ca,skingsl,big,1,1,,,1
80048636,Georg,Chadderton,COMP/ECE,F,cgeorg@edu.uwaterloo.ca,cgeorg,big,0,1,,,2
12465138,Charmain,Stilly,COMP/ECE,F,scharma@edu.uwaterloo.ca,scharma,big,0,1,,,3
77636490,Garrick,Douce,COMP/ECE,F,dgarric@edu.uwaterloo.ca,dgarric,big,0,1,,,4
47587073,Denny,Ruperto,COMP/ECE,F,rdenny@edu.uwaterloo.ca,rdenny,big,0,1,,,5
57304389,Laverne,Eagger,COMP/ECE,F,elavern@edu.uwaterloo.ca,elavern,big,0,1,,,6
27853978,Tiff,O'Tuohy,COMP/ECE,F,otiff@edu.uwaterloo.ca,otiff,big,1,1,,,7
51536262,Paddy,Soreau,COMP/ECE,F,spaddy@edu.uwaterloo.ca,spaddy,big,0,1,,,8
19706087,Cull,Jouhandeau,COMP/ECE,F,jcull@edu.uwaterloo.ca,jcull,huge,0,1,,,9
55923404,Antonetta,Nowell,COMP/ECE,F,nantone@edu.uwaterloo.ca,nantone,big,1,1,,,10
57328442,George,Birkinshaw,COMP/ECE,F,bgeorge@edu.uwaterloo.ca,bgeorge,huge,0,0,,,11
71648311,Valene,Hornung,COMP/ECE,F,hvalene@edu.uwaterloo.ca,hvalene,huge,0,0,,,12
41220074,Othilia,Ide,COMP/ECE,F,iothili@edu.uwaterloo.ca,iothili,huge,0,0,,,13
25922575,Sascha,Glendinning,COMP/ECE,F,gsascha@edu.uwaterloo.ca,gsascha,big,1,0,,,14
19936864,Max,Scafe,COMP/ECE,F,smax@edu.uwaterloo.ca,smax,big,1,0,,,15
50511254,Stephen,Sedgmond,COMP/ECE,F,sstephe@edu.uwaterloo.ca,sstephe,huge,1,0,,,16
32439681,Shandra,Crownshaw,COMP/ECE,F,cshandr@edu.uwaterloo.ca,cshandr,huge,0,0,,,17
13957025,Teodoro,Borchardt,COMP/ECE,F,bteodor@edu.uwaterloo.ca,bteodor,big,1,0,,,18
21091725,Edouard,Tacker,COMP/ECE,F,tedouar@edu.uwaterloo.ca,tedouar,big,1,1,,,1
19079076,Elizabet,Lamb,COMP/ECE,F,lelizab@edu.uwaterloo.ca,lelizab,big,0,1,,,2
65890964,Osgood,Sproat,COMP/ECE,F,sosgood@edu.uwaterloo.ca,sosgood,huge,0,1,,,3
74692560,Nicol,Sallows,COMP/ECE,F,snicol@edu.uwaterloo.ca,snicol,big,0,1,,,4
43158545,Sissie,Donet,COMP/ECE,F,dsissie@edu.uwaterloo.ca,dsissie,big,0,0,,,5
14875501,Clarence,Server,COMP/ECE,F,sclaren@edu.uwaterloo.ca,sclaren,big,1,0,,,6
94408463,Benni,Wolfindale,COMP/ECE,F,wbenni@edu.uwaterloo.ca,wbenni,big,1,0,,,7
89771503,Preston,Genery,COMP/ECE,F,gpresto@edu.uwaterloo.ca,gpresto,big,0,0,,,8
70963434,Karney,Goodburn,COMP/ECE,F,gkarney@edu.uwaterloo.ca,gkarney,huge,0,1,,,9
84280263,Ibby,Siberry,COMP/ECE,F,sibby@edu.uwaterloo.ca,sibby,big,0,0,,,10
12838823,Osmund,Blenkinsopp,COMP/ECE,F,bosmund@edu.uwaterloo.ca,bosmund,big,0,0,,,11
51352521,Livy,Langrish,COMP/ECE,F,llivy@edu.uwaterloo.ca,llivy,big,0,0,,,12
45654134,Leeland,Wisher,COMP/ECE,F,wleelan@edu.uwaterloo.ca,wleelan,big,0,1,,,13
15162564,Jesus,Eisenberg,COMP/ECE,F,ejesus@edu.uwaterloo.ca,ejesus,huge,0,0,,,14
41075871,Oona,Mertgen,COMP/ECE,F,moona@edu.uwaterloo.ca,moona,big,1,0,,,15
21855502,Sloane,Shane,COMP/ECE,F,ssloane@edu.uwaterloo.ca,ssloane,big,0,0,,,16
16531179,Jocelin,Corfield,COMP/ECE,F,cjoceli@edu.uwaterloo.ca,cjoceli,big,0,0,,,17
84018226,Kathleen,Binham,COMP/ECE,F,bkathle@edu.uwaterloo.ca,bkathle,big,0,1,,,18
66743442,Paquito,Hartlebury,COMP/ECE,M,hpaquit@edu.uwaterloo.ca,hpaquit,big,0,0,,,1
33794344,Pieter,Headington,COMP/ECE,M,hpieter@edu.uwaterloo.ca,hpieter,huge,0,1,,,2
18426196,Keefe,Rignall,COMP/ECE,M,rkeefe@edu.uwaterloo.ca,rkeefe,big,1,0,,,3
66528594,Mitchael,Costall,COMP/ECE,M,cmitcha@edu.uwaterloo.ca,cmitcha,big,0,0,,,4
69717062,Burr,Widdowson,COMP/ECE,M,wburr@edu.uwaterloo.ca,wburr,huge,1,1,,,5
18498205,Albertina,Gendricke,COMP/ECE,M,galbert@edu.uwaterloo.ca,galbert,big,0,1,,,6
82985489,Jacquelyn,Renault,COMP/ECE,M,rjacque@edu.uwaterloo.ca,rjacque,big,1,0,,,7
21207768,Fran,Pinchen,COMP/ECE,M,pfran@edu.uwaterloo.ca,pfran,big,0,1,,,8
51478951,Eleni,Wones,COMP/ECE,M,weleni@edu.uwaterloo.ca,weleni,big,0,1,,,9
22861679,Benson,Lethem,COMP/ECE,M,lbenson@edu.uwaterloo.ca,lbenson,big,0,0,adanie,,10
78994302,Germain,Moorhead,COMP/ECE,M,mgermai@edu.uwaterloo.ca,mgermai,big,0,0,,,11
61647256,Fred,MacCrosson,COMP/ECE,M,mfred@edu.uwaterloo.ca,mfred,huge,0,1,,,12
77104347,Guillermo,Becket,COMP/ECE,M,bguille@edu.uwaterloo.ca,bguille,big,0,0,,,13
92262048,Philipa,Filipychev,COMP/ECE,M,fphilip@edu.uwaterloo.ca,fphilip,huge,1,1,,,14
55052386,Duffy,Crick,COMP/ECE,M,cduffy@edu.uwaterloo.ca,cduffy,big,0,1,,,15
47002845,Josie,Coltman,COMP/ECE,M,cjosie@edu.uwaterloo.ca,cjosie,huge,1,1,garney,abriant,16
51666548,Kerstin,Meriet,COMP/ECE,M,mkersti@edu.uwaterloo.ca,mkersti,big,0,0,,,17
37189368,Debby,Bremond,COMP/ECE,M,bdebby@edu.uwaterloo.ca,bdebby,big,1,0,,,18
37293927,Miguela,Dodge,COMP/ECE,M,dmiguel@edu.uwaterloo.ca,dmiguel,huge,0,0,,,1
68117665,Teodora,Barenskie,COMP/ECE,M,bteodor@edu.uwaterloo.ca,bteodor,huge,1,0,,,2
26422993,Jeff,Falconbridge,COMP/ECE,M,fjeff@edu.uwaterloo.ca,fjeff,big,0,1,,,3
60329640,Abigail,Shire,COMP/ECE,M,sabigai@edu.uwaterloo.ca,sabigai,huge,1,0,,,4
21052897,Nickolai,Slateford,COMP/ECE,M,snickol@edu.uwaterloo.ca,snickol,big,1,0,,,5
91365179,Mavra,Parram,COMP/ECE,M,pmavra@edu.uwaterloo.ca,pmavra,huge,1,0,,,6
74886383,Marley,Garland,COMP/ECE,M,gmarley@edu.uwaterloo.ca,gmarley,huge,1,0,,,7
30826014,Randee,Shury,COMP/ECE,M,srandee@edu.uwaterloo.ca,srandee,big,1,0,,,8
10151379,Marga,Tunnicliff,COMP/ECE,M,tmarga@edu.uwaterloo.ca,tmarga,big,0,0,,,9
26507612,Sara,Oag,COMP/ECE,M,osara@edu.uwaterloo.ca,osara,huge,1,0,,,10
98973133,Viole,Gamblin,COMP/ECE,M,gviole@edu.uwaterloo.ca,gviole,big,0,1,,,11
90884046,Hamlen,Sam,COMP/ECE,M,shamlen@edu.uwaterloo.ca,shamlen,huge,1,0,,,12
11650265,Niccolo,Klagge,COMP/ECE,M,kniccol@edu.uwaterloo.ca,kniccol,huge,0,1,,,13
15672047,Shaine,Taree,COMP/ECE,M,tshaine@edu.uwaterloo.ca,tshaine,big,0,0,,,14
88844950,Odetta,Mulmuray,COMP/ECE,M,modetta@edu.uwaterloo.ca,modetta,huge,1,1,,,15
20406703,Jon,Yankov,COMP/ECE,M,yjon@edu.uwaterloo.ca,yjon,big,1,0,,,16
38923740,Noell,Jeves,COMP/ECE,M,jnoell@edu.uwaterloo.ca,jnoell,huge,0,1,,,17
38465368,Dorita,Gilhooly,COMP/ECE,M,gdorita@edu.uwaterloo.ca,gdorita,big,1,1,,,18
94401974,Abbi,Buddles,COMP/ECE,M,babbi@edu.uwaterloo.ca,babbi,big,0,0,,,1
74868475,Rabi,Anger,COMP/ECE,M,arabi@edu.uwaterloo.ca,arabi,huge,1,1,,,2
48995379,Hertha,Swateridge,COMP/ECE,M,shertha@edu.uwaterloo.ca,shertha,huge,1,0,,,3
54697017,Violante,Tofful,COMP/ECE,M,tviolan@edu.uwaterloo.ca,tviolan,big,0,0,,,4
22145401,Courtney,Maxwell,COMP/ECE,M,mcourtn@edu.uwaterloo.ca,mcourtn,big,1,1,,,5
79388907,Reggi,Graal,COMP/ECE,M,greggi@edu.uwaterloo.ca,greggi,big,0,0,,,6
99374798,Beatrix,Lathee,COMP/ECE,M,lbeatri@edu.uwaterloo.ca,lbeatri,huge,1,0,,,7
97102356,Humfried,Goff,COMP/ECE,M,ghumfri@edu.uwaterloo.ca,ghumfri,big,1,1,,,8
45090517,Isabelle,Elsmore,COMP/ECE,M,eisabel@edu.uwaterloo.ca,eisabel,big,0,1,,,9
73140541,Gaynor,Climpson,COMP/ECE,M,cgaynor@edu.uwaterloo.ca,cgaynor,big,1,0,,,10
19732214,Lark,Ousley,COMP/ECE,M,olark@edu.uwaterloo.ca,olark,big,1,0,,,11
48770832,Rochelle,Fourcade,COMP/ECE,M,frochel@edu.uwaterloo.ca,frochel,big,0,1,,,12
56923202,Nanete,Dietmar,COMP/ECE,M,dnanete@edu.uwaterloo.ca,dnanete,big,1,0,,,13
10983570,Christabella,Duhig,COMP/ECE,M,dchrist@edu.uwaterloo.ca,dchrist,big,0,0,,,14
82199496,Emogene,Livesay,COMP/ECE,M,lemogen@edu.uwaterloo.ca,lemogen,big,1,0,,,15
16538799,Krystyna,Trobe,COMP/ECE,M,tkrysty@edu.uwaterloo.ca,tkrysty,big,1,0,,,16
69835574,Jamesy,Motherwell,COMP/ECE,M,mjamesy@edu.uwaterloo.ca,mjamesy,big,1,0,,,17
21865018,Merissa,Marusik,COMP/ECE,M,mmeriss@edu.uwaterloo.ca,mmeriss,big,1,1,,,18
35579044,Josias,Stenning,COMP/ECE,M,sjosias@edu.uwaterloo.ca,sjosias,huge,1,1,,,1
13821443,Darius,Kettow,COMP/ECE,M,kdarius@edu.uwaterloo.ca,kdarius,big,0,0,,,2
49154510,Kristoffer,Croley,COMP/ECE,M,ckristo@edu.uwaterloo.ca,ckristo,huge,0,0,,,3
89235081,Selie,Mawhinney,COMP/ECE,M,mselie@edu.uwaterloo.ca,mselie,huge,0,1,,,4
40782457,Lia,Kearn,COMP/ECE,M,klia@edu.uwaterloo.ca,klia,big,0,1,,,5
57046588,Adelle,Le Monnier,COMP/ECE,M,ladelle@edu.uwaterloo.ca,ladelle,big,0,1,,,6
37023147,Camila,Kobus,COMP/ECE,M,kcamila@edu.uwaterloo.ca,kcamila,huge,0,1,,,7
65699899,Corinna,Iacoboni,COMP/ECE,M,icorinn@edu.uwaterloo.ca,icorinn,huge,0,0,,,8
69099537,Derron,Dymond,COMP/ECE,M,dderron@edu.uwaterloo.ca,dderron,huge,0,0,,,9
53478308,Waite,Beardsall,COMP/ECE,M,bwaite@edu.uwaterloo.ca,bwaite,huge,1,0,,,10
17155811,Dacia,Djokovic,COMP/ECE,M,ddacia@edu.uwaterloo.ca,ddacia,big,0,0,,,11
46615988,Gregoor,Cousens,COMP/ECE,M,cgregoo@edu.uwaterloo.ca,cgregoo,big,0,0,,,12
30857169,Katinka,Hasney,COMP/ECE,M,hkatink@edu.uwaterloo.ca,hkatink,huge,0,0,,,13
99540560,Gerianne,Prujean,COMP/ECE,M,pgerian@edu.uwaterloo.ca,pgerian,big,0,1,,,14
52026676,Wash,Mouncher,MECH/TRON,F,mwash@edu.uwaterloo.ca,mwash,huge,1,0,,,15
52291566,Danie,Absolom,MECH/TRON,F,adanie@edu.uwaterloo.ca,adanie,huge,1,0,,,16
71676709,Humbert,Vanyukov,MECH/TRON,F,vhumber@edu.uwaterloo.ca,vhumber,huge,0,0,,,17
58569027,Clemens,Dugdale,MECH/TRON,F,dclemen@edu.uwaterloo.ca,dclemen,big,1,1,,,18
42146060,Krysta,Gerardeaux,MECH/TRON,F,gkrysta@edu.uwaterloo.ca,gkrysta,big,1,0,,,1
63659056,Moselle,Addington,MECH/TRON,F,amosell@edu.uwaterloo.ca,amosell,big,0,1,,,2
70512901,Avrom,Comellini,MECH/TRON,F,cavrom@edu.uwaterloo.ca,cavrom,huge,1,1,,,3
34487997,Gracie,Torrese,MECH/TRON,F,tgracie@edu.uwaterloo.ca,tgracie,big,1,0,,,4
22605847,Ramon,Davey,MECH/TRON,F,dramon@edu.uwaterloo.ca,dramon,big,0,0,,,5
59558281,Malena,Kleiner,MECH/TRON,F,kmalena@edu.uwaterloo.ca,kmalena,big,1,0,,,6
78005277,Agna,Merrigan,MECH/TRON,F,magna@edu.uwaterloo.ca,magna,big,0,0,,,7
40591829,Rustin,Densie,MECH/TRON,F,drustin@edu.uwaterloo.ca,drustin,big,0,0,,,8
88248443,Cobbie,Dahl,MECH/TRON,F,dcobbie@edu.uwaterloo.ca,dcobbie,big,0,0,,,9
98191085,Selma,Keslake,MECH/TRON,F,kselma@edu.uwaterloo.ca,kselma,big,0,0,,,10
52198596,Doreen,McQuin,MECH/TRON,F,mdoreen@edu.uwaterloo.ca,mdoreen,big,0,0,,,11
36269673,Nannette,Pollastrino,MECH/TRON,M,pnannet@edu.uwaterloo.ca,pnannet,big,0,0,,,12
49416911,Boycey,Finey,MECH/TRON,M,fboycey@edu.uwaterloo.ca,fboycey,big,1,0,,,13
10705106,Thornton,Diable,MECH/TRON,M,dthornt@edu.uwaterloo.ca,dthornt,huge,0,0,,,14
90339427,Enos,Galier,MECH/TRON,M,genos@edu.uwaterloo.ca,genos,big,0,1,,,15
71546460,Katrinka,Coghill,MECH/TRON,M,ckatrin@edu.uwaterloo.ca,ckatrin,big,0,1,,,16
69618184,Rycca,Halahan,MECH/TRON,M,hrycca@edu.uwaterloo.ca,hrycca,big,0,1,,,17
86427630,Amii,Julien,MECH/TRON,M,jamii@edu.uwaterloo.ca,jamii,big,0,1,,,18
15742399,Miller,Hinstock,MECH/TRON,M,hmiller@edu.uwaterloo.ca,hmiller,big,1,0,,,1
55439065,Eddie,Litchfield,MECH/TRON,M,leddie@edu.uwaterloo.ca,leddie,big,1,1,,,2
56053194,Pauletta,Girardez,MECH/TRON,M,gpaulet@edu.uwaterloo.ca,gpaulet,big,0,1,,,3
35096117,Robinson,Wagen,MECH/TRON,M,wrobins@edu.uwaterloo.ca,wrobins,big,0,0,,,4
27264289,Cornie,Sutterfield,MECH/TRON,M,scornie@edu.uwaterloo.ca,scornie,big,0,1,,,5
96337365,Dolly,Pettett,MECH/TRON,M,pdolly@edu.uwaterloo.ca,pdolly,big,0,0,,,6
55512964,Judi,Barrington,MECH/TRON,M,bjudi@edu.uwaterloo.ca,bjudi,huge,0,1,,,7
29216637,Abraham,Udie,MECH/TRON,M,uabraha@edu.uwaterloo.ca,uabraha,big,1,0,,,8
14304198,Augustin,Epps,MECH/TRON,M,eaugust@edu.uwaterloo.ca,eaugust,big,0,0,,,9
67703719,Marlon,Edy,MECH/TRON,M,emarlon@edu.uwaterloo.ca,emarlon,big,1,0,iyetta,,10
67645805,Joy,Cansfield,MECH/TRON,M,cjoy@edu.uwaterloo.ca,cjoy,huge,0,0,,,11
61862032,Timmi,Malam,MECH/TRON,M,mtimmi@edu.uwaterloo.ca,mtimmi,huge,1,0,,,12
28491762,Parke,Seyfart,MECH/TRON,M,sparke@edu.uwaterloo.ca,sparke,big,0,1,,,13
76533868,Halette,Cowley,MECH/TRON,M,chalett@edu.uwaterloo.ca,chalett,big,0,0,,,14
52414885,Victor,Danton,MECH/TRON,M,dvictor@edu.uwaterloo.ca,dvictor,big,0,0,,,15
34280449,Jerrine,Trainer,MECH/TRON,M,tjerrin@edu.uwaterloo.ca,tjerrin,big,1,1,,,16
24784377,Victoir,Flucker,MECH/TRON,M,fvictoi@edu.uwaterloo.ca,fvictoi,huge,0,0,,,17
12191343,Marty,Fronczak,MECH/TRON,M,fmarty@edu.uwaterloo.ca,fmarty,big,1,0,,,18
46799634,Darrell,Beasleigh,MECH/TRON,M,bdarrel@edu.uwaterloo.ca,bdarrel,big,1,0,,,1
78522941,Filbert,Gheorghie,MECH/TRON,M,gfilber@edu.uwaterloo.ca,gfilber,big,0,1,,,2
76141745,Erick,Wager,MGTE,F,werick@edu.uwaterloo.ca,werick,huge,1,0,,,3
51189082,Lazarus,Bliven,MGTE,F,blazaru@edu.uwaterloo.ca,blazaru,big,0,0,,,4
29610215,Gallard,Passmore,MGTE,F,pgallar@edu.uwaterloo.ca,pgallar,big,1,0,,,5
41593524,Halie,Wilbor,MGTE,F,whalie@edu.uwaterloo.ca,whalie,big,1,0,,,6
91204367,Amabelle,Baggett,MGTE,F,bamabel@edu.uwaterloo.ca,bamabel,huge,1,1,,,7
80948771,Angie,Kopfen,MGTE,F,kangie@edu.uwaterloo.ca,kangie,huge,0,0,,,8
28558475,Benedicto,Dredge,MGTE,M,dbenedi@edu.uwaterloo.ca,dbenedi,big,0,0,,,9
83078392,Hermione,Larham,MGTE,M,lhermio@edu.uwaterloo.ca,lhermio,huge,0,0,,,10
38476779,Ronni,Timmens,MGTE,M,tronni@edu.uwaterloo.ca,tronni,big,0,0,,,11
79347028,Kiley,Wardley,MGTE,M,wkiley@edu.uwaterloo.ca,wkiley,big,0,0,,,12
47198129,Kevina,Shernock,MGTE,M,skevina@edu.uwaterloo.ca,skevina,big,1,0,,,13
97007844,Maureen,Willden,MGTE,M,wmauree@edu.uwaterloo.ca,wmauree,huge,1,0,,,14
13408186,Simone,Roskelly,MGTE,M,rsimone@edu.uwaterloo.ca,rsimone,big,1,0,,,15
74175222,Chris,Hartup,MGTE,M,hchris@edu.uwaterloo.ca,hchris,big,0,0,,,16
31776434,Marrissa,Ybarra,NANO,F,ymarris@edu.uwaterloo.ca,ymarris,big,0,0,,,17
15683840,Doria,Grut,NANO,F,gdoria@edu.uwaterloo.ca,gdoria,big,0,0,,,18
64277474,Kettie,Paddon,NANO,F,pkettie@edu.uwaterloo.ca,pkettie,big,0,0,,,1
85510650,Smitty,Savory,NANO,F,ssmitty@edu.uwaterloo.ca,ssmitty,huge,0,0,,,2
34112176,Armstrong,Samter,NANO,M,sarmstr@edu.uwaterloo.ca,sarmstr,huge,0,0,,,3
78488204,Humphrey,Parry,NANO,M,phumphr@edu.uwaterloo.ca,phumphr,big,0,1,,,4
48469569,Briant,Ahlin,NANO,M,abriant@edu.uwaterloo.ca,abriant,huge,1,0,,,5
34108567,Meredith,Briers,NANO,M,bmeredi@edu.uwaterloo.ca,bmeredi,big,1,0,,,6
69724902,Ring,Lantaff,NANO,M,lring@edu.uwaterloo.ca,lring,huge,0,0,,,7
60967898,Yalonda,Slowey,NANO,M,syalond@edu.uwaterloo.ca,syalond,big,0,1,nantone,,8
30118955,Thea,MacCambridge,NANO,M,mthea@edu.uwaterloo.ca,mthea,big,0,1,,,9
79887905,Aleta,Swanton,NANO,M,saleta@edu.uwaterloo.ca,saleta,big,1,0,,,10
10197678,Linette,Dovydenas,NANO,M,dlinett@edu.uwaterloo.ca,dlinett,big,0,0,,,11
18809776,Leslie,Mintram,NANO,M,mleslie@edu.uwaterloo.ca,mleslie,big,0,0,,,12
86004901,Elva,Clarke-Williams,NANO,M,celva@edu.uwaterloo.ca,celva,big,0,0,,,13
28998357,Phyllida,Huncoot,NANO,M,hphylli@edu.uwaterloo.ca,hphylli,big,0,0,,,14
49632829,Rafael,Balthasar,SE,F,brafael@edu.uwaterloo.ca,brafael,big,1,0,,,1
69837244,Edeline,Curness,SE,F,cedelin@edu.uwaterloo.ca,cedelin,big,1,0,,,2
86985799,Chelsey,Worg,SE,F,wchelse@edu.uwaterloo.ca,wchelse,big,1,1,,,3
54632241,Giselbert,Pickett,SE,F,pgiselb@edu.uwaterloo.ca,pgiselb,big,0,1,,,4
24539483,Saundra,Roseaman,SE,F,rsaundr@edu.uwaterloo.ca,rsaundr,big,1,1,,,5
57636450,Jacquelyn,Maidlow,SE,F,mjacque@edu.uwaterloo.ca,mjacque,big,1,0,,,6
91006769,Mel,Durbann,SE,F,dmel@edu.uwaterloo.ca,dmel,huge,0,1,,,1
24817362,Nolan,Montier,SE,F,mnolan@edu.uwaterloo.ca,mnolan,huge,0,0,,,2
30456593,Maitilde,Donnachie,SE,F,dmaitil@edu.uwaterloo.ca,dmaitil,big,1,0,,,3
29907579,Janela,Hanhardt,SE,M,hjanela@edu.uwaterloo.ca,hjanela,big,1,1,wburr,,4
49847203,Aland,Lello,SE,M,laland@edu.uwaterloo.ca,laland,big,1,1,,,5
27136712,Diego,Duce,SE,M,ddiego@edu.uwaterloo.ca,ddiego,huge,1,0,,,6
16461402,Concordia,Becconsall,SE,M,bconcor@edu.uwaterloo.ca,bconcor,big,0,0,,,1
60312879,Maximo,Curnok,SE,M,cmaximo@edu.uwaterloo.ca,cmaximo,big,1,0,,,2
97510781,Cammi,Burth,SE,M,bcammi@edu.uwaterloo.ca,bcammi,huge,0,0,,,3
16916981,Dewey,Schruyers,SE,M,sdewey@edu.uwaterloo.ca,sdewey,big,0,1,,,4
11517383,Antonino,Kinny,SYDE,F,kantoni@edu.uwaterloo.ca,kantoni,big,0,0,,,13
92378566,Davon,McKechnie,SYDE,F,mdavon@edu.uwaterloo.ca,mdavon,big,0,1,,,14
21772332,Man,McCourtie,SYDE,F,mman@edu.uwaterloo.ca,mman,huge,0,0,,,15
59737448,Nathan,Cumbers,SYDE,F,cnathan@edu.uwaterloo.ca,cnathan,huge,0,0,,,16
34195445,Findlay,Cookley,SYDE,F,cfindla@edu.uwaterloo.ca,cfindla,big,0,0,,,17
87214358,Faydra,Cunningham,SYDE,F,cfaydra@edu.uwaterloo.ca,cfaydra,big,0,1,,,18
79648329,Helge,Chalder,SYDE,M,chelge@edu.uwaterloo.ca,chelge,huge,1,0,,,1
84084952,Arney,Gives,SYDE,M,garney@edu.uwaterloo.ca,garney,big,0,1,,,2
72698277,Jaquelyn,Gurnett,SYDE,M,gjaquel@edu.uwaterloo.ca,gjaquel,big,0,1,,,3
12464723,Aaron,Yitzhok,SYDE,M,yaaron@edu.uwaterloo.ca,yaaron,big,1,1,,,4
86370661,Web,Brounfield,SYDE,M,bweb@edu.uwaterloo.ca,bweb,huge,1,0,,,5
97417690,Ab,Cathenod,SYDE,M,cab@edu.uwaterloo.ca,cab,big,0,1,,,6
39755303,Skip,Jacques,SYDE,M,jskip@edu.uwaterloo.ca,jskip,big,1,1,,,7
11908323,Leonid,Klosser,SYDE,M,kleonid@edu.uwaterloo.ca,kleonid,huge,0,0,,,8
64977481,Lewiss,Batrick,SYDE,M,blewiss@edu.uwaterloo.ca,blewiss,big,0,1,,,9
40826278,Ambros,Spencley,SYDE,M,sambros@edu.uwaterloo.ca,sambros,big,1,0,,,10
42996899,Henriette,Palomba,SYDE,M,phenrie@edu.uwaterloo.ca,phenrie,big,0,0,,,11
18477758,Corey,Oxborough,SYDE,M,ocorey@edu.uwaterloo.ca,ocorey,big,0,0,,,12
